[Header],,,,,,,,
IEMFileVersion,,,,,,,,
Investigator Name,,,,,,,,
Experiment Name,,,,,,,,
Date,,,,,,,,
Workflow,,,,,,,,
Application,,,,,,,,
Assay,,,,,,,,
Description,,,,,,,,
Chemistry,,,,,,,,
,,,,,,,,
[Reads],,,,,,,,
,,,,,,,,
,,,,,,,,
,,,,,,,,
[Settings],,,,,,,,
,,,,,,,,
[Data],,,,,,,,
Sample_ID,Sample_Name,Sample_Plate,Sample_Well,I7_Index_ID,index,I5_Index_ID,index2,Sample_Project
i714_i509,P16N-S02-N08,,,i714,TGCTTGCT,i509,TTGCTTGC,
i714_i510,P16N-S04-N11,,,i714,TGCTTGCT,i510,GAGAGGTT,
i714_i511,P16N-S12-N11,,,i714,TGCTTGCT,i511,ACCTGGTT,
i714_i513,P16N-S18-N11,,,i714,TGCTTGCT,i513,CGGAACAA,
i715_i509,P16N-S21-N08,,,i715,GGTGATGA,i509,TTGCTTGC,
i715_i510,P16N-S21-N12,,,i715,GGTGATGA,i510,GAGAGGTT,
i715_i511,P16N-S32-N11,,,i715,GGTGATGA,i511,ACCTGGTT,
i715_i513,P16N-S36-N08,,,i715,GGTGATGA,i513,CGGAACAA,
i716_i509,P16N-S40-N06,,,i716,AACCTACG,i509,TTGCTTGC,
i716_i510,P16N-S40-N10,,,i716,AACCTACG,i510,GAGAGGTT,
i716_i511,P16N-S61-N08,,,i716,AACCTACG,i511,ACCTGGTT,
i716_i513,P16N-S61-N11,,,i716,AACCTACG,i513,CGGAACAA,
i717_i511,P16N-S66-N08,,,i717,GGATCTGA,i511,ACCTGGTT,
i717_i513,P16N-S66-N12,,,i717,GGATCTGA,i513,CGGAACAA,
i717_i515,P16S-S47-N09,,,i717,GGATCTGA,i515,TGTGGCAT,
i717_i516,P16S-S47-N10,,,i717,GGATCTGA,i516,ACTACGGA,
i718_i511,P16S-S70-N35,,,i718,TGATCACG,i511,ACCTGGTT,
i718_i513,P16S-S76-N34,,,i718,TGATCACG,i513,CGGAACAA,
i718_i515,P16S-S84-N28,,,i718,TGATCACG,i515,TGTGGCAT,
i718_i516,P16S-S84-N29,,,i718,TGATCACG,i516,ACTACGGA,
i719_i511,P16S-S90-N29,,,i719,AAGCGACT,i511,ACCTGGTT,
i719_i513,P16S-S104-N29,,,i719,AAGCGACT,i513,CGGAACAA,
i719_i515,reagent_blank1,,,i719,AAGCGACT,i515,TGTGGCAT,
i719_i516,reagent_blank2,,,i719,AAGCGACT,i516,ACTACGGA,
